Nom du site;https://url
Xavki - Apprenons ensemble;https://www.youtube.com/@xavki
The Gramps Project (Discourse Forum & Mailing List);https://gramps.discourse.group/
ScienceEtonnante;https://www.youtube.com/@ScienceEtonnante
ScienceEtonnante2;https://www.youtube.com/@ScienceEtonnante2
Professeur Mohamed YOUSSFI;https://www.youtube.com/@mohamedYoussfi
Piper Voice Samples;https://rhasspy.github.io/piper-samples/#fr_FR-siwis-medium
Philippe Renard - JupyterLab;https://www.youtube.com/@philipperenard7541
Mickaël Launay (Micmaths);https://www.youtube.com/@Micmaths
Horizon Retraite;https://www.youtube.com/@Horizonretraite
Gramps - Forums Geneanet;https://www.geneanet.org/forum/viewforum.php?f=55945
Grafikart.fr;https://www.youtube.com/@grafikart
Forum Linux;https://www.developpez.net/forums/f327/general-developpement/programmation-systeme/linux/
Deus Ex Silicium;https://www.youtube.com/@dexsilicium
Bienvenue sur Linuxtricks;https://www.linuxtricks.fr/pages/bienvenue-sur-linuxtricks
Adrien Linuxtricks;https://www.youtube.com/@AdrienLinuxtricks

